replicate,dataset,n,seed,share_2000s,prevalence,if_fitness_cor,source_n,retained,retention
1,full_set,10000,20261004,0.748,0.0988999999999997,0.0061480525461742,10000,,
1,reference_subsample,900,20261007,0.743333333333333,0.102222222222222,-0.0104211179260859,10000,,
1,astronaut_set,900,20261004,0.726666666666667,0.0711111111111114,0.228812326547854,10000,2969,0.2969
2,full_set,10000,20262004,0.7571,0.1028,-0.000499708710839958,10000,,
2,reference_subsample,900,20262007,0.747777777777778,0.0977777777777777,-0.00936674989034595,10000,,
2,astronaut_set,900,20262004,0.778888888888889,0.0811111111111111,0.201817882383483,10000,3026,0.3026
3,full_set,10000,20263004,0.7495,0.102500000000001,-0.00501800939600045,10000,,
3,reference_subsample,900,20263007,0.764444444444445,0.115555555555556,-0.0432897138209013,10000,,
3,astronaut_set,900,20263004,0.754444444444444,0.0733333333333334,0.192458437701977,10000,3024,0.3024
4,full_set,10000,20264004,0.753899999999999,0.1011,0.011055429212325,10000,,
4,reference_subsample,900,20264007,0.735555555555556,0.108888888888889,0.0139087652072812,10000,,
4,astronaut_set,900,20264004,0.765555555555556,0.078888888888889,0.208377266817195,10000,3018,0.3018
5,full_set,10000,20265004,0.754900000000001,0.1041,0.00367622427487578,10000,,
5,reference_subsample,900,20265007,0.726666666666667,0.102222222222222,0.014357321950629,10000,,
5,astronaut_set,900,20265004,0.751111111111111,0.0844444444444445,0.233485189784764,10000,3094,0.3094
6,full_set,10000,20266004,0.7484,0.0981,-0.00937422857994135,10000,,
6,reference_subsample,900,20266007,0.714444444444444,0.104444444444444,0.0238603511152541,10000,,
6,astronaut_set,900,20266004,0.748888888888889,0.09,0.185122680591538,10000,3008,0.3008
7,full_set,10000,20267004,0.750400000000001,0.105700000000001,0.017848295621735,10000,,
7,reference_subsample,900,20267007,0.738888888888889,0.102222222222222,0.0470522970206378,10000,,
7,astronaut_set,900,20267004,0.743333333333333,0.0633333333333333,0.179434137470112,10000,3035,0.3035
8,full_set,10000,20268004,0.7456,0.101499999999999,-0.00384556803505791,10000,,
8,reference_subsample,900,20268007,0.75,0.103333333333333,0.0346312321325631,10000,,
8,astronaut_set,900,20268004,0.737777777777778,0.0755555555555555,0.17599881261826,10000,3037,0.3037
9,full_set,10000,20269004,0.748,0.1038,-0.00333359435766454,10000,,
9,reference_subsample,900,20269007,0.77,0.108888888888889,-0.0153230907088573,10000,,
9,astronaut_set,900,20269004,0.763333333333333,0.082222222222222,0.14346160378691,10000,3046,0.3046
10,full_set,10000,20270004,0.7463,0.0969000000000001,-0.00439379038964094,10000,,
10,reference_subsample,900,20270007,0.77,0.0944444444444444,-0.017338030323586,10000,,
10,astronaut_set,900,20270004,0.73,0.0722222222222223,0.159702557912906,10000,3029,0.3029
11,full_set,10000,20271004,0.7548,0.0994,0.00704902490625468,10000,,
11,reference_subsample,900,20271007,0.765555555555556,0.0944444444444445,0.0215202411541397,10000,,
11,astronaut_set,900,20271004,0.746666666666667,0.0755555555555555,0.172514548756819,10000,3035,0.3035
12,full_set,10000,20272004,0.7503,0.0988999999999997,-0.000365681365219139,10000,,
12,reference_subsample,900,20272007,0.753333333333333,0.0888888888888889,0.0205877610987563,10000,,
12,astronaut_set,900,20272004,0.754444444444445,0.0711111111111111,0.146268703023796,10000,2991,0.2991
13,full_set,10000,20273004,0.748200000000002,0.0956000000000001,0.015713102071535,10000,,
13,reference_subsample,900,20273007,0.737777777777778,0.104444444444444,0.0104676249901727,10000,,
13,astronaut_set,900,20273004,0.776666666666667,0.0744444444444444,0.145872643338089,10000,3004,0.3004
14,full_set,10000,20274004,0.7505,0.0943999999999998,0.0115212389482667,10000,,
14,reference_subsample,900,20274007,0.772222222222222,0.106666666666667,-0.00643478715656679,10000,,
14,astronaut_set,900,20274004,0.728888888888889,0.0711111111111111,0.181451716017625,10000,2917,0.2917
15,full_set,10000,20275004,0.739,0.1009,0.0013543851552394,10000,,
15,reference_subsample,900,20275007,0.731111111111111,0.111111111111111,0.0429731498463282,10000,,
15,astronaut_set,900,20275004,0.732222222222222,0.0688888888888888,0.121302673884999,10000,3008,0.3008
16,full_set,10000,20276004,0.758599999999999,0.1011,0.00384769074373355,10000,,
16,reference_subsample,900,20276007,0.764444444444444,0.114444444444444,0.0182037525853563,10000,,
16,astronaut_set,900,20276004,0.723333333333333,0.0811111111111111,0.223133967936705,10000,3009,0.3009
17,full_set,10000,20277004,0.7553,0.0978000000000003,-0.021900552538603,10000,,
17,reference_subsample,900,20277007,0.732222222222222,0.124444444444445,0.0159982109304322,10000,,
17,astronaut_set,900,20277004,0.768888888888889,0.0744444444444444,0.102587686004779,10000,3046,0.3046
18,full_set,10000,20278004,0.7497,0.0971999999999997,-0.00191306934710067,10000,,
18,reference_subsample,900,20278007,0.771111111111111,0.0944444444444444,-0.0466290161118004,10000,,
18,astronaut_set,900,20278004,0.757777777777778,0.0655555555555559,0.140522438355755,10000,3050,0.305
19,full_set,10000,20279004,0.752,0.0985000000000003,0.00476311070750607,10000,,
19,reference_subsample,900,20279007,0.753333333333333,0.0955555555555556,0.0453625046123398,10000,,
19,astronaut_set,900,20279004,0.745555555555556,0.0722222222222222,0.210066864743815,10000,3004,0.3004
20,full_set,10000,20280004,0.756,0.1056,-0.00147963583947655,10000,,
20,reference_subsample,900,20280007,0.788888888888889,0.0977777777777777,0.0338686693493649,10000,,
20,astronaut_set,900,20280004,0.762222222222222,0.0777777777777778,0.163696076885806,10000,3024,0.3024
21,full_set,10000,20281004,0.7509,0.1033,-0.0155759247124442,10000,,
21,reference_subsample,900,20281007,0.776666666666667,0.0977777777777777,-0.0821287621015021,10000,,
21,astronaut_set,900,20281004,0.758888888888889,0.0922222222222221,0.0997877554172447,10000,2966,0.2966
22,full_set,10000,20282004,0.753,0.0959999999999999,0.0104267658085819,10000,,
22,reference_subsample,900,20282007,0.74,0.105555555555556,0.0393651221516363,10000,,
22,astronaut_set,900,20282004,0.747777777777778,0.0722222222222222,0.202508103902009,10000,3009,0.3009
23,full_set,10000,20283004,0.7488,0.1016,-0.00122538073266983,10000,,
23,reference_subsample,900,20283007,0.733333333333333,0.103333333333333,-0.0363705880382593,10000,,
23,astronaut_set,900,20283004,0.741111111111111,0.0666666666666667,0.106004448939825,10000,2963,0.2963
24,full_set,10000,20284004,0.746599999999999,0.0991,-0.00294106097016887,10000,,
24,reference_subsample,900,20284007,0.753333333333333,0.101111111111111,0.0111422082622825,10000,,
24,astronaut_set,900,20284004,0.76,0.0788888888888889,0.175851898425567,10000,3046,0.3046
25,full_set,10000,20285004,0.7429,0.1005,-0.0013357608726397,10000,,
25,reference_subsample,900,20285007,0.745555555555556,0.09,-0.0115378169668448,10000,,
25,astronaut_set,900,20285004,0.761111111111111,0.0833333333333333,0.152955510468863,10000,3000,0.3
26,full_set,10000,20286004,0.740100000000001,0.1022,-0.011849311310023,10000,,
26,reference_subsample,900,20286007,0.764444444444444,0.0944444444444446,-0.00179429604982446,10000,,
26,astronaut_set,900,20286004,0.751111111111111,0.0533333333333333,0.131063331035701,10000,3019,0.3019
27,full_set,10000,20287004,0.7471,0.1012,-0.0049318289727527,10000,,
27,reference_subsample,900,20287007,0.753333333333333,0.09,-0.0149089851887339,10000,,
27,astronaut_set,900,20287004,0.754444444444445,0.0699999999999999,0.172478776164773,10000,2947,0.2947
28,full_set,10000,20288004,0.7424,0.1037,-0.002281892574358,10000,,
28,reference_subsample,900,20288007,0.731111111111111,0.113333333333333,0.019468487126402,10000,,
28,astronaut_set,900,20288004,0.743333333333333,0.0944444444444445,0.198432795128399,10000,2952,0.2952
29,full_set,10000,20289004,0.7457,0.1017,0.00450138073905932,10000,,
29,reference_subsample,900,20289007,0.755555555555556,0.101111111111111,-0.0562913943298676,10000,,
29,astronaut_set,900,20289004,0.741111111111111,0.0855555555555555,0.103872517789569,10000,2882,0.2882
30,full_set,10000,20290004,0.7485,0.0992000000000002,-0.0248463311500082,10000,,
30,reference_subsample,900,20290007,0.777777777777778,0.0822222222222222,-0.0107627903202397,10000,,
30,astronaut_set,900,20290004,0.747777777777778,0.0777777777777778,0.166540048095539,10000,2923,0.2923
31,full_set,10000,20291004,0.742,0.1034,0.00143197722109622,10000,,
31,reference_subsample,900,20291007,0.733333333333333,0.101111111111111,-0.00291886025496529,10000,,
31,astronaut_set,900,20291004,0.765555555555556,0.0633333333333333,0.193001196617691,10000,2960,0.296
32,full_set,10000,20292004,0.7506,0.1006,-0.00344110049340743,10000,,
32,reference_subsample,900,20292007,0.746666666666667,0.0977777777777777,-0.0033945070208434,10000,,
32,astronaut_set,900,20292004,0.737777777777778,0.0688888888888888,0.153572035508921,10000,3002,0.3002
33,full_set,10000,20293004,0.7514,0.1059,0.0214864493504507,10000,,
33,reference_subsample,900,20293007,0.765555555555556,0.106666666666667,0.0257569857729998,10000,,
33,astronaut_set,900,20293004,0.737777777777778,0.0677777777777778,0.166344539797041,10000,2932,0.2932
34,full_set,10000,20294004,0.7466,0.0964000000000001,0.00685394451796301,10000,,
34,reference_subsample,900,20294007,0.755555555555556,0.0833333333333333,0.0767779322979062,10000,,
34,astronaut_set,900,20294004,0.72,0.0622222222222223,0.133646397665611,10000,2998,0.2998
35,full_set,10000,20295004,0.7535,0.1044,-0.00717232192553828,10000,,
35,reference_subsample,900,20295007,0.781111111111111,0.122222222222222,-0.00551802887275782,10000,,
35,astronaut_set,900,20295004,0.738888888888889,0.08,0.151036036248622,10000,3034,0.3034
36,full_set,10000,20296004,0.7558,0.1024,-0.0272333649647054,10000,,
36,reference_subsample,900,20296007,0.743333333333333,0.122222222222222,-0.0185934176300598,10000,,
36,astronaut_set,900,20296004,0.761111111111111,0.0644444444444444,0.0693886645400406,10000,3016,0.3016
37,full_set,10000,20297004,0.7453,0.1098,-0.000465848578808112,10000,,
37,reference_subsample,900,20297007,0.75,0.103333333333333,0.0174990841152672,10000,,
37,astronaut_set,900,20297004,0.753333333333333,0.0822222222222222,0.152479241577507,10000,2945,0.2945
38,full_set,10000,20298004,0.753800000000001,0.1057,-0.00176300240783105,10000,,
38,reference_subsample,900,20298007,0.745555555555556,0.106666666666667,-0.0158231820244094,10000,,
38,astronaut_set,900,20298004,0.745555555555555,0.0822222222222222,0.170570178393034,10000,2948,0.2948
39,full_set,10000,20299004,0.7522,0.0996,0.00139285400495092,10000,,
39,reference_subsample,900,20299007,0.75,0.105555555555556,0.0042425787949416,10000,,
39,astronaut_set,900,20299004,0.762222222222222,0.0722222222222222,0.166964204702453,10000,3077,0.3077
40,full_set,10000,20300004,0.7524,0.1,-0.0185445260452602,10000,,
40,reference_subsample,900,20300007,0.74,0.0988888888888888,-0.0816007396486651,10000,,
40,astronaut_set,900,20300004,0.75,0.0777777777777778,0.181036512526747,10000,2962,0.2962
41,full_set,10000,20301004,0.7539,0.0941,-0.00198537770976873,10000,,
41,reference_subsample,900,20301007,0.771111111111111,0.0955555555555556,0.000660612073641763,10000,,
41,astronaut_set,900,20301004,0.761111111111111,0.0711111111111112,0.171939010867582,10000,2915,0.2915
42,full_set,10000,20302004,0.7461,0.1,0.00759089412034177,10000,,
42,reference_subsample,900,20302007,0.735555555555556,0.112222222222222,0.00275339006411989,10000,,
42,astronaut_set,900,20302004,0.745555555555556,0.08,0.172684845006668,10000,2928,0.2928
43,full_set,10000,20303004,0.7531,0.1072,-0.00695782106677053,10000,,
43,reference_subsample,900,20303007,0.742222222222222,0.105555555555556,-0.0196711164542681,10000,,
43,astronaut_set,900,20303004,0.746666666666667,0.0866666666666666,0.17914181923553,10000,2992,0.2992
44,full_set,10000,20304004,0.7431,0.1003,-0.00570550776787246,10000,,
44,reference_subsample,900,20304007,0.726666666666667,0.0977777777777777,-0.0335760052525499,10000,,
44,astronaut_set,900,20304004,0.756666666666667,0.0633333333333333,0.169823772186178,10000,3012,0.3012
45,full_set,10000,20305004,0.7478,0.102,0.0149596292796664,10000,,
45,reference_subsample,900,20305007,0.763333333333333,0.0977777777777778,0.0241723323760048,10000,,
45,astronaut_set,900,20305004,0.727777777777778,0.0711111111111111,0.197616081582143,10000,3011,0.3011
46,full_set,10000,20306004,0.7455,0.1009,-0.0095198235864006,10000,,
46,reference_subsample,900,20306007,0.764444444444444,0.102222222222222,-0.0589412940027528,10000,,
46,astronaut_set,900,20306004,0.761111111111111,0.0733333333333334,0.142284186739008,10000,3032,0.3032
47,full_set,10000,20307004,0.7415,0.1033,0.000537056967070802,10000,,
47,reference_subsample,900,20307007,0.751111111111111,0.126666666666667,-0.0122900667464805,10000,,
47,astronaut_set,900,20307004,0.741111111111111,0.0722222222222223,0.125972687652095,10000,2978,0.2978
48,full_set,10000,20308004,0.7521,0.0981999999999999,0.00667405714692614,10000,,
48,reference_subsample,900,20308007,0.74,0.0966666666666666,0.0221988470078672,10000,,
48,astronaut_set,900,20308004,0.746666666666667,0.0844444444444445,0.176628032940291,10000,2925,0.2925
49,full_set,10000,20309004,0.7495,0.0996000000000002,-0.00320400885708508,10000,,
49,reference_subsample,900,20309007,0.775555555555555,0.112222222222222,0.0288144938817995,10000,,
49,astronaut_set,900,20309004,0.742222222222222,0.0855555555555555,0.153068507118699,10000,3009,0.3009
50,full_set,10000,20310004,0.7489,0.0992000000000002,0.0101661622961911,10000,,
50,reference_subsample,900,20310007,0.743333333333333,0.1,0.023031823228424,10000,,
50,astronaut_set,900,20310004,0.742222222222222,0.08,0.167444544909887,10000,2935,0.2935
