feature,name,ancestor_set,low_full,high_full,effect_full,se_full,rank_full
cumulative_mission_duration,cumulative mission duration,TRUE,-0.651787078891706,1.21913083407501,0.0246983907186359,0.000100516424303035,8
mission_era,mission era,TRUE,0,1,-0.0565590191079806,0.000234071905397693,4
bisphosphonates,bisphosphonates,TRUE,0,1,-0.00827333139057282,3.48089328600347e-05,13
bone_remodeling,bone remodeling,TRUE,-0.675242595504633,0.683469357794362,0.0287964471466365,0.000117974308650641,6
hydration,hydration,TRUE,-0.657742883035627,0.700130876657697,-0.0257948058083964,0.000105641369701751,7
individual_factors,individual factors,TRUE,-0.682573050200806,0.670408219457569,0.0756699771130206,0.000285370601927138,2
k_citrate,K+ citrate,TRUE,0,1,-0.0199458029654514,8.53709724021695e-05,9
microbiome,microbiome,TRUE,-0.677611180626877,0.668770731208717,0.0143574523642196,5.92090386518703e-05,10
mineralized_renal_material,mineralized renal material,TRUE,-0.673464245276261,0.678306813179696,0.101463330855301,0.000289064894448245,1
nutrients,nutrients,TRUE,-0.667106030444924,0.681634554309778,0.00719692293547456,2.97363027551512e-05,14
pre_flight_fitness,pre-flight fitness,TRUE,-0.670410643686685,0.668838046562023,-0.00227086025473942,9.38878829447046e-06,16
resistive_exercise,resistive exercise,TRUE,-0.664889788765992,0.690953153438521,-0.00433536492364987,1.79084758834122e-05,15
thiazides,thiazides,TRUE,0,1,-0.0102433153548099,4.33293870019614e-05,12
urine_chemistry,urine chemistry,TRUE,-0.680902026211629,0.676950948168868,0.0692214693622041,0.000266891510479075,3
urine_concentration,urine concentration,TRUE,-0.681278160560112,0.666391452508179,0.0422838349289895,0.000170425316610414,5
water_intake,water intake,TRUE,-0.649587844005111,0.702419320253802,-0.0103464515176005,4.26656586191133e-05,11
medications,medications,FALSE,0,1,0,0,17
percutaneous_nephrostomy,percutaneous nephrostomy,FALSE,0,1,0,0,17
tamsulosin,tamsulosin,FALSE,0,1,0,0,17
ultrasound,ultrasound,FALSE,0,1,0,0,17
crew_capability,crew capability,FALSE,-0.680840081547224,0.664182954767807,0,0,17
detect_long_term_health_outcomes,detect long term health outcomes,FALSE,0,1,0,0,17
detect_mrm_stone,detect MRM/stone,FALSE,0,1,0,0,17
evacuation,evacuation,FALSE,0,1,0,0,17
flight_recertification,flight recertification,FALSE,0,1,0,0,17
individual_readiness,individual readiness,FALSE,-0.67542440470929,0.684076455528369,0,0,17
long_term_health_outcomes,long term health outcomes,FALSE,-0.673640235787157,0.672291095844285,0,0,17
loss_of_crew_life,loss of crew life,FALSE,0,1,0,0,17
loss_of_mission,loss of mission,FALSE,0,1,0,0,17
loss_of_mission_objectives,loss of mission objectives,FALSE,0,1,0,0,17
medical_illness,medical illness,FALSE,-0.678428584923294,0.672045477061367,0,0,17
task_performance,task performance,FALSE,-0.68350417291942,0.675637331318665,0,0,17
ultrasound_manipulation,ultrasound manipulation,FALSE,0,1,0,0,17
ureterolithiasis,ureterolithiasis,FALSE,0,1,0,0,17
urine_flow,urine flow,FALSE,-0.676660139294165,0.680664556486532,0,0,17
