feature,name,ancestor_set,low_astronaut,high_astronaut,effect_astronaut,se_astronaut,rank_astronaut
cumulative_mission_duration,cumulative mission duration,TRUE,-0.651787078891706,1.21913083407501,0.0188055104372217,0.000159016828546965,8
mission_era,mission era,TRUE,0,1,-0.0430176700518208,0.000367662415627995,4
bisphosphonates,bisphosphonates,TRUE,0,1,-0.00624393071566864,5.43469582566393e-05,13
bone_remodeling,bone remodeling,TRUE,-0.675242595504633,0.683469357794362,0.0218363815027885,0.000184029982281189,6
hydration,hydration,TRUE,-0.657742883035627,0.700130876657697,-0.0194227375771184,0.00016452020429948,7
individual_factors,individual factors,TRUE,-0.682573050200806,0.670408219457569,0.0756635530446068,0.000522915311631689,1
k_citrate,K+ citrate,TRUE,0,1,-0.0149683640631014,0.000132392494035509,9
microbiome,microbiome,TRUE,-0.677611180626877,0.668770731208717,0.01088116136191,9.29188385236442e-05,10
mineralized_renal_material,mineralized renal material,TRUE,-0.673464245276261,0.678306813179696,0.0709796138865069,0.000384377987580382,2
nutrients,nutrients,TRUE,-0.667106030444924,0.681634554309778,0.00545073656562196,4.66578787018951e-05,14
pre_flight_fitness,pre-flight fitness,TRUE,-0.670410643686685,0.668838046562023,-0.00173621337991818,1.48247975836687e-05,16
resistive_exercise,resistive exercise,TRUE,-0.664889788765992,0.690953153438521,-0.00331128977223255,2.82384644155058e-05,15
thiazides,thiazides,TRUE,0,1,-0.00772020132492142,6.75284792360901e-05,12
urine_chemistry,urine chemistry,TRUE,-0.680902026211629,0.676950948168868,0.0515512055848966,0.00040502698610721,3
urine_concentration,urine concentration,TRUE,-0.681278160560112,0.666391452508179,0.0317107462579686,0.000264010420047189,5
water_intake,water intake,TRUE,-0.649587844005111,0.702419320253802,-0.00782511491866828,6.68852269947152e-05,11
medications,medications,FALSE,0,1,0,0,17
percutaneous_nephrostomy,percutaneous nephrostomy,FALSE,0,1,0,0,17
tamsulosin,tamsulosin,FALSE,0,1,0,0,17
ultrasound,ultrasound,FALSE,0,1,0,0,17
crew_capability,crew capability,FALSE,-0.680840081547224,0.664182954767807,0,0,17
detect_long_term_health_outcomes,detect long term health outcomes,FALSE,0,1,0,0,17
detect_mrm_stone,detect MRM/stone,FALSE,0,1,0,0,17
evacuation,evacuation,FALSE,0,1,0,0,17
flight_recertification,flight recertification,FALSE,0,1,0,0,17
individual_readiness,individual readiness,FALSE,-0.67542440470929,0.684076455528369,0,0,17
long_term_health_outcomes,long term health outcomes,FALSE,-0.673640235787157,0.672291095844285,0,0,17
loss_of_crew_life,loss of crew life,FALSE,0,1,0,0,17
loss_of_mission,loss of mission,FALSE,0,1,0,0,17
loss_of_mission_objectives,loss of mission objectives,FALSE,0,1,0,0,17
medical_illness,medical illness,FALSE,-0.678428584923294,0.672045477061367,0,0,17
task_performance,task performance,FALSE,-0.68350417291942,0.675637331318665,0,0,17
ultrasound_manipulation,ultrasound manipulation,FALSE,0,1,0,0,17
ureterolithiasis,ureterolithiasis,FALSE,0,1,0,0,17
urine_flow,urine flow,FALSE,-0.676660139294165,0.680664556486532,0,0,17
