feature,population,era,prevalence,t_pop_era,observational_form,difference,mcse,flagged
bisphosphonates,source,0,0.0506888110209767,0.00106500003139561,0.00113974766151479,7.4747630119189e-05,0.00014857091123024,FALSE
bisphosphonates,source,1,0.150660529810507,0.00190403127356363,0.00062650278635601,-0.00127752848720762,0.000107498657859317,TRUE
bisphosphonates,selected,0,0.0328352653408484,0.00055101593768778,0.000822747821810545,0.000271731884122765,0.000125721701490703,FALSE
bisphosphonates,selected,1,0.107930044189169,0.00106746167108103,9.78324284547825e-05,-0.000969629242626243,9.34782683161998e-05,TRUE
k_citrate,source,0,0.0486567785084561,0.00246701409893787,0.00612187601912008,0.00365486192018221,0.000207086154295191,TRUE
k_citrate,source,1,0.150436531005171,0.00461512515611817,0.0100894593001733,0.00547433414405516,0.00011926824811326,TRUE
k_citrate,selected,0,0.0319312985217485,0.00128194425955554,0.00301299766666493,0.0017310534071094,0.000300630383977037,TRUE
k_citrate,selected,1,0.106952014297017,0.00254738433073152,0.00510291922424262,0.0025555348935111,0.000174688094691481,TRUE
thiazides,source,0,0,0,,,,FALSE
thiazides,source,1,0.0202825584930209,0.000363787745874263,0.000304247521698765,-5.95402241754988e-05,4.60156842900544e-05,FALSE
thiazides,selected,0,0,0,,,,FALSE
thiazides,selected,1,0.020200762863315,0.000270403810976896,0.000234047868349727,-3.63559426271683e-05,3.78952617821724e-05,FALSE
