feature,name,ancestor_set,truth_type,population,value,mcse,low,high
cumulative_mission_duration,cumulative mission duration,TRUE,per_unit,source,0.0232442650263909,3.03806516688836e-05,-0.6520118112887,1.20386626361779
cumulative_mission_duration,cumulative mission duration,TRUE,pop,source,0.00855278977636007,1.55736932621813e-05,,
cumulative_mission_duration,cumulative mission duration,TRUE,rec,source,0.00855750675138599,1.57446818514709e-05,,
cumulative_mission_duration,cumulative mission duration,TRUE,per_unit,selected,0.0181314537768299,4.88412039174165e-05,-0.6520118112887,1.20386626361779
cumulative_mission_duration,cumulative mission duration,TRUE,pop,selected,0.0065441830493129,2.71345179158324e-05,,
cumulative_mission_duration,cumulative mission duration,TRUE,rec,selected,0.00654000387457729,2.40103713453904e-05,,
mission_era,mission era,TRUE,per_unit,source,-0.0572805894304713,7.55148190699417e-05,0,1
mission_era,mission era,TRUE,pop,source,0.021479991912236,2.75851774327757e-05,,
mission_era,mission era,TRUE,rec,source,0.0214868604212965,3.71265931128113e-05,,
mission_era,mission era,TRUE,per_unit,selected,-0.0431687082209543,0.000116782464804411,0,1
mission_era,mission era,TRUE,pop,selected,0.0162144801084848,3.87761676603312e-05,,
mission_era,mission era,TRUE,rec,selected,0.0162230159735195,5.59958099588515e-05,,
bisphosphonates,bisphosphonates,TRUE,per_unit,source,-0.00834641408010983,1.09896275290747e-05,0,1
bisphosphonates,bisphosphonates,TRUE,pop,source,0.00169427681914659,2.39989108403198e-06,,
bisphosphonates,bisphosphonates,TRUE,rec,source,0.00174475259428033,4.64521678111622e-06,,
bisphosphonates,bisphosphonates,TRUE,per_unit,selected,-0.00632836863907884,1.7242769991112e-05,0,1
bisphosphonates,bisphosphonates,TRUE,pop,selected,0.000938036240323467,3.13262680801636e-06,,
bisphosphonates,bisphosphonates,TRUE,rec,selected,0.000959389494734404,6.05566626238373e-06,,
bone_remodeling,bone remodeling,TRUE,per_unit,source,0.0289443842485663,3.72306163769769e-05,-0.683277097975739,0.676256022695883
bone_remodeling,bone remodeling,TRUE,pop,source,0.0166307265724473,2.18166004640847e-05,,
bone_remodeling,bone remodeling,TRUE,rec,source,0.0169165909706266,3.20523813979501e-05,,
bone_remodeling,bone remodeling,TRUE,per_unit,selected,0.0221041736133971,5.8680696261382e-05,-0.683277097975739,0.676256022695883
bone_remodeling,bone remodeling,TRUE,pop,selected,0.0127139064373613,3.36222247595944e-05,,
bone_remodeling,bone remodeling,TRUE,rec,selected,0.0128821118342158,4.84921033460744e-05,,
hydration,hydration,TRUE,per_unit,source,-0.0243054979534473,3.28146633358015e-05,-0.665358072111127,0.688663647506783
hydration,hydration,TRUE,pop,source,0.012401639902305,1.39554692981454e-05,,
hydration,hydration,TRUE,rec,source,0.0128210868543284,2.48465975953377e-05,,
hydration,hydration,TRUE,per_unit,selected,-0.0186571596993908,5.12475665024635e-05,-0.665358072111127,0.688663647506783
hydration,hydration,TRUE,pop,selected,0.00957289011023455,2.28670310606299e-05,,
hydration,hydration,TRUE,rec,selected,0.00986867211707195,3.81021031929501e-05,,
individual_factors,individual factors,TRUE,per_unit,source,0.0744468391623967,8.9311466977309e-05,-0.675343046172816,0.676405076125314
individual_factors,individual factors,TRUE,pop,source,0.0455072812629046,3.04905991353625e-05,,
individual_factors,individual factors,TRUE,rec,source,0.0466327096647112,8.33320672507887e-05,,
individual_factors,individual factors,TRUE,per_unit,selected,0.0740569442168778,0.000162591107107904,-0.675343046172816,0.676405076125314
individual_factors,individual factors,TRUE,pop,selected,0.032168244545129,6.06028799053333e-05,,
individual_factors,individual factors,TRUE,rec,selected,0.0328986134844631,0.000119149749115383,,
k_citrate,K+ citrate,TRUE,per_unit,source,-0.0202033746985872,2.72153362086979e-05,0,1
k_citrate,K+ citrate,TRUE,pop,source,0.00407810598426732,5.85191499723504e-06,,
k_citrate,K+ citrate,TRUE,rec,source,0.00491894769448539,1.42970400393345e-05,,
k_citrate,K+ citrate,TRUE,per_unit,selected,-0.0151898239532746,4.23238873118804e-05,0,1
k_citrate,K+ citrate,TRUE,pop,selected,0.00223025492928651,7.50339583692895e-06,,
k_citrate,K+ citrate,TRUE,rec,selected,0.00278628281760453,1.93782546722794e-05,,
microbiome,microbiome,TRUE,per_unit,source,0.0145347389573313,1.88313597777789e-05,-0.676405436967992,0.679897276681551
microbiome,microbiome,TRUE,pop,source,0.00846130930683952,9.21602233063244e-06,,
microbiome,microbiome,TRUE,rec,source,0.0086009241770459,1.66775838451756e-05,,
microbiome,microbiome,TRUE,per_unit,selected,0.011073907340024,2.96721821822213e-05,-0.676405436967992,0.679897276681551
microbiome,microbiome,TRUE,pop,selected,0.00644889694427092,1.59425206671362e-05,,
microbiome,microbiome,TRUE,rec,selected,0.00655763106896354,2.55063235618262e-05,,
mineralized_renal_material,mineralized renal material,TRUE,per_unit,source,0.102633455388364,9.22040980818176e-05,-0.674993719582129,0.677373889365117
mineralized_renal_material,mineralized renal material,TRUE,pop,source,0.0685492603210309,4.29599101895297e-05,,
mineralized_renal_material,mineralized renal material,TRUE,rec,source,0.0701121641154922,0.000113293032192025,,
mineralized_renal_material,mineralized renal material,TRUE,per_unit,selected,0.0719719721094318,0.000122382684461589,-0.674993719582129,0.677373889365117
mineralized_renal_material,mineralized renal material,TRUE,pop,selected,0.0513854810137863,8.34492162544872e-05,,
mineralized_renal_material,mineralized renal material,TRUE,rec,selected,0.052740269925753,0.00017113188310017,,
nutrients,nutrients,TRUE,per_unit,source,0.00719702259311195,9.34048857990307e-06,-0.666393802840244,0.679170062866811
nutrients,nutrients,TRUE,pop,source,0.00419670659550625,4.69542594196235e-06,,
nutrients,nutrients,TRUE,rec,source,0.00426262373288157,8.30751550179226e-06,,
nutrients,nutrients,TRUE,per_unit,selected,0.005490807267971,1.47441433411301e-05,-0.666393802840244,0.679170062866811
nutrients,nutrients,TRUE,pop,selected,0.00319787829582188,8.09765228036302e-06,,
nutrients,nutrients,TRUE,rec,selected,0.00324897348784657,1.26584532081397e-05,,
pre_flight_fitness,pre-flight fitness,TRUE,per_unit,source,-0.00150703913339677,5.13262956244639e-06,-0.675630060020551,0.678499168188924
pre_flight_fitness,pre-flight fitness,TRUE,pop,source,0.000873479016470931,2.50767558751239e-06,,
pre_flight_fitness,pre-flight fitness,TRUE,rec,source,0.00154052217289117,2.99783825556939e-06,,
pre_flight_fitness,pre-flight fitness,TRUE,per_unit,selected,-0.00115666778514715,7.71074876228021e-06,-0.675630060020551,0.678499168188924
pre_flight_fitness,pre-flight fitness,TRUE,pop,selected,0.000695300600303265,2.63862114905611e-06,,
pre_flight_fitness,pre-flight fitness,TRUE,rec,selected,0.00107391241120542,4.24088287290582e-06,,
resistive_exercise,resistive exercise,TRUE,per_unit,source,-0.00434878681528301,5.6412210664483e-06,-0.663070603377268,0.693581512589957
resistive_exercise,resistive exercise,TRUE,pop,source,0.00214230104213629,2.36479625051316e-06,,
resistive_exercise,resistive exercise,TRUE,rec,source,0.00217546840865199,4.23235570992826e-06,,
resistive_exercise,resistive exercise,TRUE,per_unit,selected,-0.0033445927818032,8.94519975509145e-06,-0.663070603377268,0.693581512589957
resistive_exercise,resistive exercise,TRUE,pop,selected,0.00158631202108019,4.02051240443142e-06,,
resistive_exercise,resistive exercise,TRUE,rec,selected,0.00161260886556993,6.31247663729086e-06,,
thiazides,thiazides,TRUE,per_unit,source,-0.0102975297946651,1.36773700836149e-05,0,1
thiazides,thiazides,TRUE,pop,source,0.000272842264556681,5.11347709077032e-07,,
thiazides,thiazides,TRUE,rec,source,0.000275003225993294,2.21351065911256e-06,,
thiazides,thiazides,TRUE,per_unit,selected,-0.00781533739972312,2.14381416404191e-05,0,1
thiazides,thiazides,TRUE,pop,selected,0.000202638453551584,8.74731371146027e-07,,
thiazides,thiazides,TRUE,rec,selected,0.000203517659096216,3.19052088363389e-06,,
urine_chemistry,urine chemistry,TRUE,per_unit,source,0.0696344317299548,8.4726268036318e-05,-0.678437452481988,0.677277442506247
urine_chemistry,urine chemistry,TRUE,pop,source,0.0382368856694949,3.22806666771362e-05,,
urine_chemistry,urine chemistry,TRUE,rec,source,0.0389777885118744,7.11166120792272e-05,,
urine_chemistry,urine chemistry,TRUE,per_unit,selected,0.0515477753917363,0.000128433260186207,-0.678437452481988,0.677277442506247
urine_chemistry,urine chemistry,TRUE,pop,selected,0.0290877064729095,5.80829336559528e-05,,
urine_chemistry,urine chemistry,TRUE,rec,selected,0.0296058995805813,0.000107846246717355,,
urine_concentration,urine concentration,TRUE,per_unit,source,0.0402262388828605,5.22693338135719e-05,-0.672122282811341,0.676357961155284
urine_concentration,urine concentration,TRUE,pop,source,0.0227812480867857,2.45274977251358e-05,,
urine_concentration,urine concentration,TRUE,rec,source,0.0233720972648248,4.45065039047066e-05,,
urine_concentration,urine concentration,TRUE,per_unit,selected,0.0307840621303494,8.17433527070277e-05,-0.672122282811341,0.676357961155284
urine_concentration,urine concentration,TRUE,pop,selected,0.0176018058159161,3.8911309656004e-05,,
urine_concentration,urine concentration,TRUE,rec,selected,0.0180492274490529,6.8644754504913e-05,,
water_intake,water intake,TRUE,per_unit,source,-0.0097825830359928,1.44561595204846e-05,-0.657320195705283,0.699458607538003
water_intake,water intake,TRUE,pop,source,0.00456864587243687,5.90418907327539e-06,,
water_intake,water intake,TRUE,rec,source,0.00495139423827797,9.55919692934181e-06,,
water_intake,water intake,TRUE,per_unit,selected,-0.00754939617233218,2.21611390471841e-05,-0.657320195705283,0.699458607538003
water_intake,water intake,TRUE,pop,selected,0.00353278672637998,9.05211344241195e-06,,
water_intake,water intake,TRUE,rec,selected,0.00378717805231351,1.46642642978926e-05,,
medications,medications,FALSE,per_unit,source,0,0,0,1
medications,medications,FALSE,pop,source,0,0,,
medications,medications,FALSE,rec,source,0,0,,
medications,medications,FALSE,per_unit,selected,0,0,0,1
medications,medications,FALSE,pop,selected,0,0,,
medications,medications,FALSE,rec,selected,0,0,,
percutaneous_nephrostomy,percutaneous nephrostomy,FALSE,per_unit,source,0,0,0,1
percutaneous_nephrostomy,percutaneous nephrostomy,FALSE,pop,source,0,0,,
percutaneous_nephrostomy,percutaneous nephrostomy,FALSE,rec,source,0,0,,
percutaneous_nephrostomy,percutaneous nephrostomy,FALSE,per_unit,selected,0,0,0,1
percutaneous_nephrostomy,percutaneous nephrostomy,FALSE,pop,selected,0,0,,
percutaneous_nephrostomy,percutaneous nephrostomy,FALSE,rec,selected,0,0,,
tamsulosin,tamsulosin,FALSE,per_unit,source,0,0,0,1
tamsulosin,tamsulosin,FALSE,pop,source,0,0,,
tamsulosin,tamsulosin,FALSE,rec,source,0,0,,
tamsulosin,tamsulosin,FALSE,per_unit,selected,0,0,0,1
tamsulosin,tamsulosin,FALSE,pop,selected,0,0,,
tamsulosin,tamsulosin,FALSE,rec,selected,0,0,,
ultrasound,ultrasound,FALSE,per_unit,source,0,0,0,1
ultrasound,ultrasound,FALSE,pop,source,0,0,,
ultrasound,ultrasound,FALSE,rec,source,0,0,,
ultrasound,ultrasound,FALSE,per_unit,selected,0,0,0,1
ultrasound,ultrasound,FALSE,pop,selected,0,0,,
ultrasound,ultrasound,FALSE,rec,selected,0,0,,
crew_capability,crew capability,FALSE,per_unit,source,0,0,-0.678239834429827,0.674259673954701
crew_capability,crew capability,FALSE,pop,source,0,0,,
crew_capability,crew capability,FALSE,rec,source,0,0,,
crew_capability,crew capability,FALSE,per_unit,selected,0,0,-0.678239834429827,0.674259673954701
crew_capability,crew capability,FALSE,pop,selected,0,0,,
crew_capability,crew capability,FALSE,rec,selected,0,0,,
detect_long_term_health_outcomes,detect long term health outcomes,FALSE,per_unit,source,0,0,0,1
detect_long_term_health_outcomes,detect long term health outcomes,FALSE,pop,source,0,0,,
detect_long_term_health_outcomes,detect long term health outcomes,FALSE,rec,source,0,0,,
detect_long_term_health_outcomes,detect long term health outcomes,FALSE,per_unit,selected,0,0,0,1
detect_long_term_health_outcomes,detect long term health outcomes,FALSE,pop,selected,0,0,,
detect_long_term_health_outcomes,detect long term health outcomes,FALSE,rec,selected,0,0,,
detect_mrm_stone,detect MRM/stone,FALSE,per_unit,source,0,0,0,1
detect_mrm_stone,detect MRM/stone,FALSE,pop,source,0,0,,
detect_mrm_stone,detect MRM/stone,FALSE,rec,source,0,0,,
detect_mrm_stone,detect MRM/stone,FALSE,per_unit,selected,0,0,0,1
detect_mrm_stone,detect MRM/stone,FALSE,pop,selected,0,0,,
detect_mrm_stone,detect MRM/stone,FALSE,rec,selected,0,0,,
evacuation,evacuation,FALSE,per_unit,source,0,0,0,1
evacuation,evacuation,FALSE,pop,source,0,0,,
evacuation,evacuation,FALSE,rec,source,0,0,,
evacuation,evacuation,FALSE,per_unit,selected,0,0,0,1
evacuation,evacuation,FALSE,pop,selected,0,0,,
evacuation,evacuation,FALSE,rec,selected,0,0,,
flight_recertification,flight recertification,FALSE,per_unit,source,0,0,0,1
flight_recertification,flight recertification,FALSE,pop,source,0,0,,
flight_recertification,flight recertification,FALSE,rec,source,0,0,,
flight_recertification,flight recertification,FALSE,per_unit,selected,0,0,0,1
flight_recertification,flight recertification,FALSE,pop,selected,0,0,,
flight_recertification,flight recertification,FALSE,rec,selected,0,0,,
individual_readiness,individual readiness,FALSE,per_unit,source,0,0,-0.676619351141343,0.671960320981569
individual_readiness,individual readiness,FALSE,pop,source,0,0,,
individual_readiness,individual readiness,FALSE,rec,source,0,0,,
individual_readiness,individual readiness,FALSE,per_unit,selected,0,0,-0.676619351141343,0.671960320981569
individual_readiness,individual readiness,FALSE,pop,selected,0,0,,
individual_readiness,individual readiness,FALSE,rec,selected,0,0,,
long_term_health_outcomes,long term health outcomes,FALSE,per_unit,source,0,0,-0.674156036015774,0.676653405730843
long_term_health_outcomes,long term health outcomes,FALSE,pop,source,0,0,,
long_term_health_outcomes,long term health outcomes,FALSE,rec,source,0,0,,
long_term_health_outcomes,long term health outcomes,FALSE,per_unit,selected,0,0,-0.674156036015774,0.676653405730843
long_term_health_outcomes,long term health outcomes,FALSE,pop,selected,0,0,,
long_term_health_outcomes,long term health outcomes,FALSE,rec,selected,0,0,,
loss_of_crew_life,loss of crew life,FALSE,per_unit,source,0,0,0,1
loss_of_crew_life,loss of crew life,FALSE,pop,source,0,0,,
loss_of_crew_life,loss of crew life,FALSE,rec,source,0,0,,
loss_of_crew_life,loss of crew life,FALSE,per_unit,selected,0,0,0,1
loss_of_crew_life,loss of crew life,FALSE,pop,selected,0,0,,
loss_of_crew_life,loss of crew life,FALSE,rec,selected,0,0,,
loss_of_mission,loss of mission,FALSE,per_unit,source,0,0,0,1
loss_of_mission,loss of mission,FALSE,pop,source,0,0,,
loss_of_mission,loss of mission,FALSE,rec,source,0,0,,
loss_of_mission,loss of mission,FALSE,per_unit,selected,0,0,0,1
loss_of_mission,loss of mission,FALSE,pop,selected,0,0,,
loss_of_mission,loss of mission,FALSE,rec,selected,0,0,,
loss_of_mission_objectives,loss of mission objectives,FALSE,per_unit,source,0,0,0,1
loss_of_mission_objectives,loss of mission objectives,FALSE,pop,source,0,0,,
loss_of_mission_objectives,loss of mission objectives,FALSE,rec,source,0,0,,
loss_of_mission_objectives,loss of mission objectives,FALSE,per_unit,selected,0,0,0,1
loss_of_mission_objectives,loss of mission objectives,FALSE,pop,selected,0,0,,
loss_of_mission_objectives,loss of mission objectives,FALSE,rec,selected,0,0,,
medical_illness,medical illness,FALSE,per_unit,source,0,0,-0.674564046012853,0.675627659454822
medical_illness,medical illness,FALSE,pop,source,0,0,,
medical_illness,medical illness,FALSE,rec,source,0,0,,
medical_illness,medical illness,FALSE,per_unit,selected,0,0,-0.674564046012853,0.675627659454822
medical_illness,medical illness,FALSE,pop,selected,0,0,,
medical_illness,medical illness,FALSE,rec,selected,0,0,,
task_performance,task performance,FALSE,per_unit,source,0,0,-0.67237576052492,0.677614892668218
task_performance,task performance,FALSE,pop,source,0,0,,
task_performance,task performance,FALSE,rec,source,0,0,,
task_performance,task performance,FALSE,per_unit,selected,0,0,-0.67237576052492,0.677614892668218
task_performance,task performance,FALSE,pop,selected,0,0,,
task_performance,task performance,FALSE,rec,selected,0,0,,
ultrasound_manipulation,ultrasound manipulation,FALSE,per_unit,source,0,0,0,1
ultrasound_manipulation,ultrasound manipulation,FALSE,pop,source,0,0,,
ultrasound_manipulation,ultrasound manipulation,FALSE,rec,source,0,0,,
ultrasound_manipulation,ultrasound manipulation,FALSE,per_unit,selected,0,0,0,1
ultrasound_manipulation,ultrasound manipulation,FALSE,pop,selected,0,0,,
ultrasound_manipulation,ultrasound manipulation,FALSE,rec,selected,0,0,,
ureterolithiasis,ureterolithiasis,FALSE,per_unit,source,0,0,0,1
ureterolithiasis,ureterolithiasis,FALSE,pop,source,0,0,,
ureterolithiasis,ureterolithiasis,FALSE,rec,source,0,0,,
ureterolithiasis,ureterolithiasis,FALSE,per_unit,selected,0,0,0,1
ureterolithiasis,ureterolithiasis,FALSE,pop,selected,0,0,,
ureterolithiasis,ureterolithiasis,FALSE,rec,selected,0,0,,
urine_flow,urine flow,FALSE,per_unit,source,0,0,-0.676866161234146,0.67571039593098
urine_flow,urine flow,FALSE,pop,source,0,0,,
urine_flow,urine flow,FALSE,rec,source,0,0,,
urine_flow,urine flow,FALSE,per_unit,selected,0,0,-0.676866161234146,0.67571039593098
urine_flow,urine flow,FALSE,pop,selected,0,0,,
urine_flow,urine flow,FALSE,rec,selected,0,0,,
